<?xml version="1.0" encoding="UTF-8"?>
<OpenSearchDescription xmlns="http://a9.com/-/spec/opensearch/1.1/">
  <ShortName>npmgraph</ShortName>
  <Description>Explore NPM modules and dependencies</Description>
  <Url type="text/html" template="http://npmgraph.js.org/?q={searchTerms}"/>
  <Image height="16" width="16" type="image/png">http://npmgraph.js.org/favicon.png</Image>
  <Query role="example" searchTerms="eslint"/>
  <Developer>npmgraph contributors</Developer>
  <SyndicationRight>open</SyndicationRight>
  <AdultContent>false</AdultContent>
  <Language>en-us</Language>
  <OutputEncoding>UTF-8</OutputEncoding>
  <InputEncoding>UTF-8</InputEncoding>
</OpenSearchDescription>
